ID,Age,Experience,Income,ZIP Code,Family,CCAvg,Education,Mortgage,Personal Loan,Securities Account,CD Account,Online,CreditCard
10.0,34.0,9.0,180.0,93023.0,1.0,8.9,3.0,0.0,1.0,0.0,0.0,0.0,0.0
17.0,38.0,14.0,130.0,95010.0,4.0,4.7,3.0,134.0,1.0,0.0,0.0,0.0,0.0
19.0,46.0,21.0,193.0,91604.0,2.0,8.1,3.0,0.0,1.0,0.0,0.0,0.0,0.0
30.0,38.0,13.0,119.0,94104.0,1.0,3.3,2.0,0.0,1.0,0.0,1.0,1.0,1.0
39.0,42.0,18.0,141.0,94114.0,3.0,5.0,3.0,0.0,1.0,1.0,1.0,1.0,0.0
43.0,32.0,7.0,132.0,90019.0,4.0,1.1,2.0,412.0,1.0,0.0,0.0,1.0,0.0
48.0,37.0,12.0,194.0,91380.0,4.0,0.2,3.0,211.0,1.0,1.0,1.0,1.0,1.0
54.0,50.0,26.0,190.0,90245.0,3.0,2.1,3.0,240.0,1.0,0.0,0.0,1.0,0.0
58.0,56.0,31.0,131.0,95616.0,2.0,1.2,3.0,0.0,1.0,0.0,0.0,0.0,0.0
76.0,31.0,7.0,135.0,94901.0,4.0,3.8,2.0,0.0,1.0,0.0,1.0,1.0,1.0
79.0,54.0,30.0,133.0,93305.0,2.0,2.6,3.0,0.0,1.0,0.0,0.0,0.0,0.0
91.0,55.0,30.0,118.0,90277.0,4.0,5.6,2.0,0.0,1.0,0.0,0.0,1.0,0.0
132.0,58.0,34.0,149.0,93720.0,4.0,7.2,2.0,0.0,1.0,0.0,1.0,1.0,1.0
152.0,26.0,0.0,132.0,92834.0,3.0,6.5,3.0,0.0,1.0,0.0,0.0,0.0,1.0
161.0,29.0,0.0,134.0,95819.0,4.0,6.5,3.0,0.0,1.0,0.0,0.0,0.0,0.0
175.0,42.0,17.0,168.0,95503.0,2.0,7.9,2.0,0.0,1.0,0.0,0.0,1.0,0.0
184.0,29.0,3.0,148.0,92173.0,3.0,4.1,1.0,0.0,1.0,0.0,0.0,1.0,0.0
188.0,46.0,21.0,159.0,94305.0,3.0,1.9,3.0,315.0,1.0,0.0,0.0,1.0,0.0
200.0,36.0,11.0,158.0,92152.0,1.0,5.1,3.0,0.0,1.0,0.0,1.0,1.0,1.0
210.0,64.0,39.0,172.0,94707.0,4.0,3.1,1.0,282.0,1.0,0.0,1.0,1.0,1.0
244.0,65.0,39.0,170.0,90095.0,3.0,7.9,3.0,99.0,1.0,0.0,1.0,1.0,0.0
248.0,53.0,29.0,120.0,92626.0,4.0,2.7,2.0,111.0,1.0,1.0,1.0,1.0,0.0
252.0,54.0,28.0,170.0,92182.0,2.0,6.2,2.0,325.0,1.0,0.0,0.0,1.0,0.0
255.0,65.0,41.0,134.0,91942.0,3.0,3.9,3.0,121.0,1.0,0.0,0.0,1.0,0.0
262.0,42.0,16.0,111.0,93106.0,2.0,1.2,3.0,251.0,1.0,0.0,0.0,1.0,0.0
289.0,44.0,19.0,172.0,94306.0,2.0,4.3,3.0,391.0,1.0,1.0,1.0,1.0,0.0
300.0,41.0,15.0,159.0,90057.0,1.0,5.5,3.0,0.0,1.0,0.0,1.0,1.0,0.0
304.0,49.0,25.0,195.0,95605.0,4.0,3.0,1.0,617.0,1.0,0.0,0.0,0.0,0.0
317.0,57.0,31.0,165.0,95054.0,1.0,1.6,2.0,0.0,1.0,0.0,0.0,1.0,0.0
318.0,40.0,16.0,119.0,91335.0,2.0,4.2,2.0,0.0,1.0,0.0,0.0,1.0,0.0
322.0,44.0,20.0,101.0,92717.0,3.0,4.4,2.0,82.0,1.0,0.0,0.0,0.0,0.0
323.0,63.0,39.0,101.0,92007.0,1.0,3.9,1.0,0.0,1.0,1.0,1.0,1.0,0.0
324.0,59.0,34.0,99.0,90034.0,1.0,4.4,1.0,0.0,1.0,0.0,0.0,0.0,0.0
325.0,56.0,30.0,158.0,90089.0,4.0,6.1,1.0,0.0,1.0,0.0,0.0,0.0,0.0
349.0,40.0,15.0,173.0,95060.0,4.0,6.6,1.0,0.0,1.0,0.0,1.0,1.0,1.0
350.0,26.0,2.0,60.0,93407.0,2.0,3.0,1.0,132.0,1.0,0.0,0.0,0.0,0.0
352.0,28.0,4.0,155.0,92182.0,4.0,5.3,2.0,0.0,1.0,0.0,0.0,1.0,0.0
366.0,57.0,32.0,174.0,90089.0,1.0,6.8,2.0,466.0,1.0,0.0,0.0,1.0,0.0
383.0,65.0,41.0,133.0,94904.0,4.0,2.0,1.0,0.0,1.0,0.0,0.0,0.0,1.0
389.0,54.0,30.0,100.0,95814.0,4.0,3.4,3.0,0.0,1.0,0.0,0.0,0.0,0.0
401.0,36.0,10.0,179.0,94542.0,3.0,6.6,1.0,0.0,1.0,0.0,0.0,1.0,0.0
422.0,28.0,3.0,115.0,92333.0,4.0,3.1,2.0,0.0,1.0,0.0,0.0,0.0,0.0
439.0,58.0,32.0,113.0,93943.0,2.0,3.8,2.0,119.0,1.0,0.0,1.0,1.0,1.0
443.0,58.0,28.0,122.0,95136.0,1.0,3.0,3.0,115.0,1.0,0.0,0.0,1.0,0.0
463.0,29.0,4.0,183.0,91423.0,3.0,8.3,3.0,0.0,1.0,0.0,0.0,1.0,0.0
464.0,48.0,22.0,149.0,94928.0,2.0,5.5,2.0,0.0,1.0,1.0,1.0,1.0,0.0
465.0,43.0,19.0,83.0,94305.0,4.0,3.6,3.0,0.0,1.0,0.0,0.0,0.0,1.0
474.0,64.0,39.0,182.0,93955.0,1.0,1.2,2.0,547.0,1.0,0.0,0.0,1.0,0.0
476.0,43.0,19.0,152.0,92008.0,3.0,6.1,2.0,0.0,1.0,0.0,0.0,0.0,0.0
483.0,56.0,32.0,173.0,94022.0,1.0,4.6,2.0,88.0,1.0,0.0,1.0,1.0,0.0
506.0,36.0,12.0,69.0,94305.0,3.0,3.1,2.0,0.0,1.0,0.0,0.0,1.0,0.0
529.0,64.0,39.0,122.0,90089.0,4.0,0.2,1.0,378.0,1.0,0.0,0.0,1.0,0.0
538.0,44.0,20.0,131.0,90717.0,1.0,4.9,3.0,0.0,1.0,0.0,0.0,1.0,0.0
567.0,53.0,28.0,175.0,95060.0,3.0,3.6,3.0,0.0,1.0,0.0,1.0,1.0,1.0
571.0,49.0,25.0,161.0,94928.0,3.0,6.5,2.0,485.0,1.0,1.0,1.0,0.0,0.0
597.0,48.0,22.0,152.0,94022.0,1.0,3.5,3.0,0.0,1.0,0.0,0.0,1.0,0.0
608.0,28.0,3.0,170.0,95014.0,1.0,0.1,3.0,0.0,1.0,0.0,0.0,0.0,0.0
621.0,33.0,8.0,115.0,91129.0,4.0,2.9,2.0,0.0,1.0,0.0,0.0,1.0,0.0
633.0,57.0,32.0,165.0,94720.0,4.0,2.7,3.0,0.0,1.0,0.0,0.0,1.0,0.0
651.0,47.0,22.0,122.0,90037.0,1.0,5.1,3.0,163.0,1.0,1.0,0.0,0.0,0.0
655.0,54.0,29.0,129.0,93940.0,4.0,4.2,3.0,0.0,1.0,0.0,0.0,0.0,0.0
663.0,65.0,41.0,185.0,93561.0,3.0,2.0,2.0,0.0,1.0,0.0,0.0,0.0,0.0
672.0,65.0,41.0,105.0,92612.0,1.0,3.0,2.0,282.0,1.0,1.0,1.0,1.0,0.0
682.0,34.0,9.0,164.0,94720.0,1.0,6.0,3.0,0.0,1.0,0.0,0.0,1.0,0.0
703.0,35.0,9.0,109.0,92709.0,3.0,4.0,1.0,0.0,1.0,0.0,0.0,0.0,0.0
723.0,45.0,21.0,132.0,91103.0,3.0,1.2,2.0,0.0,1.0,0.0,1.0,1.0,1.0
729.0,45.0,20.0,114.0,94720.0,2.0,4.4,2.0,0.0,1.0,0.0,0.0,0.0,0.0
737.0,61.0,35.0,152.0,91016.0,3.0,3.3,3.0,0.0,1.0,0.0,0.0,1.0,0.0
738.0,64.0,37.0,138.0,94709.0,2.0,2.8,2.0,0.0,1.0,0.0,0.0,1.0,0.0
766.0,47.0,21.0,109.0,95822.0,4.0,1.8,1.0,0.0,1.0,0.0,0.0,0.0,0.0
771.0,26.0,2.0,172.0,94551.0,2.0,6.9,2.0,0.0,1.0,0.0,0.0,1.0,0.0
773.0,54.0,28.0,165.0,92093.0,1.0,4.1,3.0,0.0,1.0,0.0,1.0,1.0,1.0
777.0,50.0,26.0,135.0,92121.0,2.0,4.6,3.0,91.0,1.0,0.0,0.0,1.0,0.0
780.0,53.0,28.0,192.0,94304.0,2.0,6.4,3.0,0.0,1.0,0.0,0.0,0.0,0.0
782.0,56.0,32.0,158.0,94588.0,3.0,3.7,3.0,0.0,1.0,0.0,0.0,1.0,0.0
783.0,54.0,30.0,194.0,92056.0,3.0,6.0,3.0,587.0,1.0,1.0,1.0,1.0,1.0
788.0,45.0,15.0,202.0,91380.0,3.0,10.0,3.0,0.0,1.0,0.0,0.0,0.0,0.0
806.0,55.0,29.0,132.0,95758.0,3.0,5.9,2.0,307.0,1.0,0.0,0.0,0.0,0.0
814.0,50.0,25.0,130.0,94720.0,1.0,1.1,2.0,0.0,1.0,0.0,0.0,1.0,0.0
835.0,36.0,12.0,150.0,95138.0,4.0,5.4,1.0,0.0,1.0,1.0,1.0,1.0,0.0
860.0,63.0,37.0,124.0,92182.0,3.0,5.0,2.0,170.0,1.0,0.0,0.0,0.0,0.0
889.0,57.0,33.0,182.0,94114.0,2.0,3.3,3.0,372.0,1.0,0.0,0.0,0.0,0.0
892.0,32.0,6.0,120.0,94102.0,4.0,5.4,1.0,301.0,1.0,0.0,1.0,1.0,1.0
897.0,50.0,24.0,161.0,95133.0,3.0,3.4,1.0,212.0,1.0,0.0,0.0,1.0,0.0
900.0,30.0,3.0,172.0,91302.0,3.0,3.4,2.0,0.0,1.0,0.0,0.0,0.0,1.0
915.0,65.0,41.0,195.0,91711.0,3.0,0.4,1.0,0.0,1.0,1.0,1.0,0.0,1.0
928.0,65.0,40.0,95.0,95014.0,3.0,3.7,2.0,138.0,1.0,0.0,0.0,0.0,1.0
941.0,61.0,36.0,193.0,94303.0,1.0,4.7,3.0,203.0,1.0,0.0,0.0,1.0,0.0
942.0,38.0,13.0,129.0,92093.0,4.0,4.4,1.0,140.0,1.0,0.0,0.0,0.0,0.0
952.0,59.0,34.0,83.0,94105.0,2.0,3.4,3.0,0.0,1.0,0.0,0.0,1.0,0.0
955.0,37.0,12.0,169.0,91107.0,2.0,5.2,3.0,249.0,1.0,0.0,0.0,1.0,0.0
966.0,62.0,36.0,135.0,94301.0,2.0,5.2,2.0,0.0,1.0,0.0,0.0,1.0,0.0
972.0,43.0,19.0,174.0,92028.0,3.0,1.7,3.0,231.0,1.0,0.0,1.0,1.0,1.0
976.0,63.0,38.0,83.0,92122.0,2.0,3.4,1.0,0.0,1.0,0.0,0.0,0.0,0.0
982.0,36.0,12.0,142.0,90064.0,3.0,2.3,2.0,0.0,1.0,0.0,1.0,1.0,1.0
994.0,41.0,15.0,185.0,91775.0,1.0,3.6,2.0,0.0,1.0,0.0,0.0,0.0,0.0
1008.0,44.0,19.0,99.0,95064.0,3.0,3.5,3.0,357.0,1.0,0.0,0.0,0.0,0.0
1015.0,50.0,26.0,192.0,90245.0,2.0,1.8,3.0,301.0,1.0,0.0,1.0,1.0,1.0
1023.0,27.0,3.0,118.0,95605.0,1.0,3.3,2.0,0.0,1.0,0.0,0.0,1.0,0.0
1025.0,58.0,33.0,122.0,93711.0,4.0,0.2,2.0,0.0,1.0,0.0,1.0,1.0,0.0
1029.0,29.0,4.0,110.0,92096.0,4.0,2.5,3.0,0.0,1.0,0.0,0.0,0.0,0.0
1039.0,56.0,30.0,145.0,95831.0,4.0,5.7,2.0,0.0,1.0,0.0,1.0,1.0,1.0
1040.0,41.0,16.0,175.0,94304.0,2.0,1.1,3.0,0.0,1.0,0.0,0.0,1.0,0.0
1051.0,53.0,27.0,145.0,90095.0,2.0,6.1,3.0,294.0,1.0,0.0,1.0,1.0,1.0
1063.0,47.0,21.0,83.0,92220.0,1.0,3.8,1.0,97.0,1.0,0.0,0.0,0.0,0.0
1065.0,41.0,17.0,138.0,95008.0,3.0,6.9,2.0,0.0,1.0,0.0,0.0,1.0,0.0
1067.0,30.0,5.0,125.0,90016.0,4.0,0.5,3.0,0.0,1.0,0.0,1.0,1.0,0.0
1070.0,44.0,18.0,75.0,91203.0,2.0,3.5,1.0,0.0,1.0,0.0,0.0,1.0,0.0
1078.0,29.0,3.0,175.0,90095.0,3.0,3.3,3.0,329.0,1.0,0.0,0.0,1.0,0.0
1085.0,60.0,35.0,191.0,93407.0,4.0,5.6,3.0,0.0,1.0,0.0,0.0,0.0,0.0
1098.0,50.0,24.0,188.0,92007.0,3.0,1.3,1.0,184.0,1.0,0.0,0.0,0.0,1.0
1106.0,35.0,10.0,182.0,95051.0,1.0,0.3,2.0,229.0,1.0,0.0,1.0,1.0,1.0
1127.0,32.0,8.0,104.0,95192.0,2.0,3.7,1.0,0.0,1.0,0.0,0.0,0.0,1.0
1129.0,30.0,5.0,171.0,94025.0,2.0,1.9,2.0,0.0,1.0,0.0,0.0,0.0,0.0
1130.0,30.0,4.0,73.0,94305.0,3.0,3.3,1.0,0.0,1.0,0.0,1.0,1.0,1.0
1138.0,51.0,26.0,134.0,90230.0,4.0,4.5,3.0,0.0,1.0,1.0,1.0,1.0,0.0
1142.0,32.0,7.0,143.0,91365.0,3.0,2.9,3.0,0.0,1.0,0.0,0.0,1.0,0.0
1144.0,33.0,7.0,120.0,94022.0,1.0,3.2,3.0,0.0,1.0,0.0,0.0,1.0,0.0
1162.0,36.0,11.0,181.0,94309.0,3.0,1.4,1.0,0.0,1.0,0.0,0.0,0.0,0.0
1165.0,41.0,17.0,94.0,90071.0,3.0,3.8,2.0,327.0,1.0,1.0,1.0,1.0,0.0
1167.0,30.0,5.0,112.0,91711.0,4.0,5.0,2.0,0.0,1.0,0.0,0.0,0.0,1.0
1177.0,29.0,3.0,103.0,90049.0,4.0,3.4,1.0,0.0,1.0,0.0,0.0,1.0,0.0
1178.0,28.0,3.0,71.0,90405.0,1.0,3.3,2.0,149.0,1.0,1.0,1.0,1.0,0.0
1196.0,32.0,7.0,123.0,92407.0,2.0,2.9,2.0,0.0,1.0,0.0,0.0,1.0,0.0
1205.0,26.0,1.0,190.0,91604.0,4.0,1.3,2.0,197.0,1.0,0.0,0.0,1.0,0.0
1207.0,63.0,37.0,165.0,95035.0,4.0,5.1,3.0,0.0,1.0,0.0,0.0,0.0,0.0
1226.0,30.0,6.0,118.0,94534.0,2.0,2.8,2.0,0.0,1.0,0.0,0.0,0.0,0.0
1238.0,38.0,13.0,169.0,92093.0,1.0,6.8,3.0,0.0,1.0,0.0,1.0,1.0,1.0
1245.0,33.0,8.0,130.0,94720.0,3.0,6.3,2.0,99.0,1.0,0.0,0.0,0.0,1.0
1274.0,60.0,35.0,130.0,95741.0,3.0,6.3,3.0,437.0,1.0,0.0,1.0,1.0,1.0
1286.0,38.0,13.0,113.0,94720.0,4.0,1.7,2.0,0.0,1.0,0.0,0.0,0.0,1.0
1293.0,56.0,30.0,164.0,94610.0,4.0,0.5,2.0,234.0,1.0,0.0,1.0,1.0,1.0
1321.0,31.0,7.0,192.0,90250.0,1.0,0.0,2.0,0.0,1.0,0.0,0.0,1.0,0.0
1329.0,60.0,36.0,145.0,95616.0,4.0,6.9,1.0,380.0,1.0,0.0,0.0,0.0,1.0
1338.0,26.0,0.0,179.0,92028.0,4.0,2.1,2.0,0.0,1.0,0.0,0.0,0.0,0.0
1340.0,52.0,25.0,180.0,94545.0,2.0,9.0,2.0,297.0,1.0,0.0,0.0,1.0,0.0
1350.0,26.0,2.0,171.0,93943.0,3.0,6.0,2.0,0.0,1.0,0.0,0.0,1.0,0.0
1373.0,39.0,13.0,139.0,95616.0,3.0,3.4,1.0,483.0,1.0,0.0,0.0,1.0,0.0
1374.0,60.0,35.0,135.0,92612.0,3.0,0.3,3.0,0.0,1.0,0.0,0.0,1.0,0.0
1376.0,50.0,26.0,179.0,92612.0,1.0,2.9,3.0,0.0,1.0,0.0,0.0,0.0,1.0
1396.0,47.0,23.0,190.0,92831.0,4.0,0.3,3.0,305.0,1.0,0.0,0.0,0.0,0.0
1403.0,55.0,29.0,172.0,95064.0,1.0,5.2,2.0,0.0,1.0,0.0,0.0,0.0,0.0
1406.0,46.0,22.0,183.0,91605.0,1.0,3.1,2.0,0.0,1.0,0.0,1.0,1.0,1.0
1408.0,63.0,39.0,101.0,94306.0,2.0,3.9,3.0,294.0,1.0,0.0,0.0,1.0,0.0
1409.0,40.0,14.0,129.0,90089.0,1.0,5.9,3.0,0.0,1.0,0.0,0.0,1.0,0.0
1412.0,65.0,39.0,184.0,91302.0,1.0,5.4,3.0,176.0,1.0,0.0,1.0,1.0,1.0
1419.0,65.0,41.0,154.0,92008.0,2.0,4.6,2.0,0.0,1.0,1.0,1.0,1.0,1.0
1445.0,60.0,33.0,154.0,90740.0,1.0,3.0,2.0,0.0,1.0,1.0,1.0,1.0,0.0
1479.0,65.0,39.0,160.0,94803.0,4.0,3.8,1.0,237.0,1.0,0.0,0.0,1.0,0.0
1487.0,35.0,9.0,141.0,93022.0,2.0,4.5,2.0,0.0,1.0,0.0,0.0,0.0,0.0
1496.0,52.0,28.0,178.0,92647.0,3.0,5.4,3.0,147.0,1.0,0.0,0.0,1.0,0.0
1500.0,52.0,26.0,91.0,92173.0,1.0,4.3,2.0,0.0,1.0,0.0,1.0,1.0,1.0
1505.0,30.0,6.0,191.0,92028.0,2.0,4.4,2.0,0.0,1.0,0.0,0.0,1.0,0.0
1519.0,43.0,17.0,64.0,95053.0,4.0,3.0,3.0,221.0,1.0,0.0,0.0,1.0,0.0
1525.0,40.0,16.0,155.0,94002.0,4.0,0.1,3.0,0.0,1.0,0.0,1.0,1.0,1.0
1560.0,59.0,35.0,102.0,92677.0,4.0,3.0,2.0,115.0,1.0,0.0,0.0,1.0,0.0
1571.0,41.0,16.0,114.0,94705.0,4.0,3.5,1.0,0.0,1.0,0.0,0.0,0.0,1.0
1578.0,34.0,8.0,65.0,92093.0,1.0,3.0,1.0,227.0,1.0,0.0,0.0,1.0,0.0
1580.0,29.0,5.0,122.0,94305.0,4.0,3.0,1.0,0.0,1.0,0.0,0.0,0.0,1.0
1583.0,43.0,19.0,170.0,92037.0,4.0,4.25,1.0,318.0,1.0,0.0,1.0,1.0,1.0
1584.0,61.0,36.0,184.0,92028.0,4.0,2.3,2.0,342.0,1.0,0.0,1.0,1.0,1.0
1590.0,57.0,32.0,124.0,90049.0,1.0,0.2,2.0,0.0,1.0,0.0,0.0,1.0,0.0
1593.0,56.0,31.0,192.0,90089.0,1.0,7.0,3.0,0.0,1.0,0.0,1.0,1.0,0.0
1604.0,36.0,6.0,138.0,92152.0,1.0,7.0,3.0,86.0,1.0,0.0,0.0,1.0,0.0
1605.0,55.0,29.0,111.0,90502.0,2.0,3.6,3.0,0.0,1.0,0.0,0.0,0.0,1.0
1617.0,48.0,23.0,84.0,94402.0,4.0,3.1,2.0,0.0,1.0,1.0,1.0,1.0,0.0
1630.0,53.0,29.0,154.0,93407.0,4.0,7.4,3.0,0.0,1.0,0.0,0.0,0.0,0.0
1632.0,61.0,36.0,153.0,91105.0,1.0,2.6,2.0,0.0,1.0,1.0,1.0,0.0,1.0
1633.0,31.0,5.0,93.0,95032.0,2.0,3.1,2.0,0.0,1.0,0.0,0.0,1.0,0.0
1638.0,30.0,6.0,193.0,94022.0,3.0,6.3,3.0,0.0,1.0,0.0,0.0,1.0,0.0
1642.0,58.0,34.0,152.0,92182.0,4.0,3.6,3.0,0.0,1.0,0.0,0.0,0.0,0.0
1652.0,62.0,36.0,158.0,94301.0,2.0,6.3,3.0,0.0,1.0,0.0,0.0,1.0,0.0
1653.0,48.0,18.0,182.0,92626.0,4.0,6.0,3.0,0.0,1.0,0.0,0.0,1.0,0.0
1660.0,33.0,7.0,139.0,95828.0,1.0,4.0,3.0,106.0,1.0,0.0,1.0,1.0,1.0
1667.0,51.0,25.0,190.0,95138.0,2.0,4.2,2.0,0.0,1.0,0.0,0.0,1.0,0.0
1673.0,48.0,23.0,173.0,94546.0,3.0,0.2,1.0,0.0,1.0,0.0,1.0,1.0,1.0
1675.0,37.0,11.0,139.0,95814.0,2.0,0.8,2.0,421.0,1.0,0.0,0.0,1.0,0.0
1680.0,57.0,31.0,114.0,94590.0,4.0,5.2,1.0,0.0,1.0,1.0,1.0,1.0,0.0
1732.0,43.0,19.0,125.0,92122.0,3.0,2.4,1.0,0.0,1.0,0.0,0.0,1.0,0.0
1753.0,33.0,8.0,155.0,92717.0,1.0,7.4,3.0,0.0,1.0,0.0,0.0,0.0,0.0
1769.0,43.0,18.0,128.0,92093.0,4.0,5.3,1.0,84.0,1.0,0.0,0.0,0.0,0.0
1785.0,54.0,29.0,119.0,91355.0,3.0,2.0,1.0,0.0,1.0,1.0,1.0,0.0,0.0
1790.0,44.0,20.0,171.0,91330.0,4.0,0.7,1.0,567.0,1.0,0.0,1.0,1.0,1.0
1794.0,35.0,9.0,113.0,94596.0,3.0,0.8,3.0,0.0,1.0,0.0,0.0,1.0,0.0
1795.0,56.0,32.0,98.0,91355.0,3.0,3.9,3.0,0.0,1.0,0.0,0.0,0.0,0.0
1799.0,44.0,20.0,185.0,94086.0,3.0,2.7,1.0,0.0,1.0,0.0,0.0,1.0,0.0
1823.0,48.0,23.0,112.0,93014.0,1.0,5.1,2.0,86.0,1.0,1.0,1.0,1.0,0.0
1825.0,49.0,23.0,194.0,94022.0,4.0,8.3,2.0,0.0,1.0,0.0,0.0,0.0,1.0
1826.0,56.0,32.0,161.0,94720.0,1.0,5.8,3.0,0.0,1.0,1.0,0.0,0.0,0.0
1834.0,34.0,9.0,178.0,94303.0,1.0,0.8,3.0,0.0,1.0,0.0,0.0,0.0,0.0
1861.0,30.0,6.0,179.0,91103.0,3.0,4.9,1.0,142.0,1.0,0.0,0.0,1.0,0.0
1871.0,63.0,37.0,110.0,95032.0,1.0,4.1,3.0,0.0,1.0,0.0,0.0,0.0,0.0
1883.0,56.0,32.0,125.0,91330.0,3.0,0.6,1.0,342.0,1.0,0.0,1.0,1.0,1.0
1890.0,56.0,30.0,111.0,93106.0,4.0,0.3,1.0,372.0,1.0,1.0,1.0,1.0,0.0
1913.0,42.0,16.0,191.0,94304.0,3.0,4.8,2.0,0.0,1.0,1.0,1.0,1.0,0.0
1914.0,57.0,33.0,134.0,92110.0,4.0,0.9,1.0,198.0,1.0,0.0,0.0,1.0,0.0
1919.0,39.0,9.0,118.0,93555.0,2.0,6.0,3.0,246.0,1.0,0.0,1.0,1.0,1.0
1936.0,34.0,9.0,191.0,94086.0,1.0,4.8,3.0,0.0,1.0,0.0,1.0,1.0,1.0
1938.0,51.0,25.0,181.0,95051.0,1.0,3.3,3.0,589.0,1.0,1.0,1.0,1.0,0.0
1999.0,56.0,32.0,103.0,94111.0,3.0,4.0,3.0,0.0,1.0,0.0,0.0,0.0,0.0
2002.0,44.0,17.0,128.0,94928.0,2.0,3.25,2.0,0.0,1.0,0.0,0.0,0.0,1.0
2003.0,30.0,4.0,142.0,92126.0,3.0,4.2,1.0,359.0,1.0,0.0,0.0,0.0,0.0
2006.0,47.0,23.0,170.0,90254.0,2.0,6.5,2.0,0.0,1.0,0.0,1.0,1.0,1.0
2015.0,49.0,19.0,169.0,95054.0,3.0,5.67,3.0,167.0,1.0,0.0,1.0,0.0,1.0
2022.0,46.0,20.0,103.0,91380.0,4.0,4.8,3.0,0.0,1.0,0.0,0.0,1.0,0.0
2025.0,36.0,12.0,113.0,94305.0,4.0,0.2,1.0,0.0,1.0,0.0,0.0,0.0,0.0
2042.0,45.0,20.0,180.0,95403.0,3.0,8.5,2.0,535.0,1.0,0.0,0.0,0.0,0.0
2047.0,43.0,16.0,161.0,95134.0,3.0,8.0,2.0,0.0,1.0,0.0,1.0,1.0,1.0
2048.0,63.0,38.0,134.0,90640.0,3.0,4.0,2.0,0.0,1.0,0.0,0.0,0.0,1.0
2062.0,63.0,38.0,159.0,93950.0,4.0,4.9,2.0,111.0,1.0,0.0,0.0,0.0,0.0
2078.0,34.0,9.0,160.0,94108.0,4.0,8.0,3.0,0.0,1.0,0.0,0.0,0.0,1.0
2088.0,51.0,27.0,188.0,94305.0,2.0,6.9,2.0,343.0,1.0,0.0,0.0,1.0,0.0
2096.0,47.0,21.0,174.0,94025.0,4.0,3.2,3.0,0.0,1.0,0.0,0.0,0.0,0.0
2102.0,35.0,5.0,203.0,95032.0,1.0,10.0,3.0,0.0,1.0,0.0,0.0,0.0,0.0
2110.0,47.0,23.0,178.0,93014.0,1.0,6.5,3.0,0.0,1.0,0.0,0.0,0.0,0.0
2137.0,50.0,26.0,115.0,95008.0,1.0,1.2,3.0,0.0,1.0,0.0,0.0,0.0,1.0
2145.0,33.0,6.0,168.0,94720.0,3.0,5.67,2.0,0.0,1.0,1.0,1.0,1.0,0.0
2159.0,50.0,25.0,83.0,94720.0,4.0,3.1,1.0,0.0,1.0,0.0,0.0,0.0,1.0
2160.0,61.0,35.0,99.0,94085.0,1.0,4.8,3.0,255.0,1.0,0.0,0.0,0.0,1.0
2179.0,37.0,13.0,158.0,93943.0,2.0,2.3,2.0,0.0,1.0,0.0,1.0,1.0,1.0
2185.0,62.0,36.0,183.0,90095.0,2.0,3.4,3.0,0.0,1.0,0.0,0.0,0.0,0.0
2195.0,34.0,9.0,123.0,94553.0,1.0,1.6,2.0,0.0,1.0,0.0,0.0,1.0,0.0
2197.0,51.0,24.0,189.0,95211.0,4.0,4.75,2.0,0.0,1.0,0.0,0.0,1.0,0.0
2208.0,38.0,12.0,180.0,90245.0,1.0,2.8,3.0,158.0,1.0,0.0,0.0,1.0,0.0
2216.0,28.0,3.0,193.0,94501.0,3.0,4.0,2.0,0.0,1.0,0.0,0.0,1.0,0.0
2218.0,48.0,24.0,162.0,91355.0,4.0,3.3,2.0,446.0,1.0,0.0,1.0,1.0,0.0
2231.0,36.0,11.0,183.0,94704.0,1.0,3.0,3.0,0.0,1.0,0.0,1.0,1.0,1.0
2247.0,35.0,11.0,190.0,92093.0,3.0,3.1,2.0,266.0,1.0,0.0,0.0,0.0,0.0
2262.0,30.0,3.0,150.0,94305.0,4.0,5.0,2.0,0.0,1.0,0.0,0.0,1.0,0.0
2263.0,55.0,29.0,131.0,95070.0,2.0,0.7,2.0,0.0,1.0,0.0,0.0,0.0,1.0
2268.0,38.0,13.0,168.0,92647.0,2.0,1.3,3.0,0.0,1.0,0.0,0.0,0.0,0.0
2269.0,27.0,3.0,105.0,94304.0,1.0,3.0,2.0,0.0,1.0,1.0,0.0,0.0,0.0
2277.0,29.0,3.0,172.0,92093.0,4.0,4.4,1.0,0.0,1.0,0.0,0.0,0.0,0.0
2286.0,48.0,22.0,114.0,92007.0,1.0,2.4,3.0,0.0,1.0,0.0,0.0,1.0,0.0
2293.0,57.0,33.0,170.0,95051.0,2.0,2.1,2.0,0.0,1.0,0.0,0.0,0.0,0.0
2305.0,27.0,2.0,170.0,95818.0,3.0,4.7,1.0,0.0,1.0,0.0,0.0,1.0,0.0
2316.0,52.0,26.0,182.0,95818.0,2.0,1.4,2.0,0.0,1.0,0.0,0.0,1.0,0.0
2318.0,31.0,5.0,129.0,95814.0,3.0,5.9,3.0,319.0,1.0,1.0,1.0,0.0,1.0
2329.0,27.0,2.0,130.0,92182.0,3.0,4.4,1.0,192.0,1.0,0.0,0.0,1.0,0.0
2338.0,43.0,16.0,201.0,95054.0,1.0,10.0,2.0,0.0,1.0,0.0,0.0,0.0,1.0
2346.0,65.0,40.0,89.0,90291.0,1.0,4.1,1.0,299.0,1.0,0.0,1.0,1.0,0.0
2357.0,31.0,5.0,184.0,92064.0,4.0,3.4,2.0,0.0,1.0,0.0,1.0,1.0,1.0
2360.0,36.0,12.0,123.0,95060.0,2.0,5.6,2.0,0.0,1.0,0.0,1.0,1.0,1.0
2362.0,36.0,12.0,109.0,94928.0,3.0,0.5,3.0,0.0,1.0,1.0,1.0,1.0,0.0
2374.0,33.0,9.0,184.0,94304.0,2.0,4.8,2.0,0.0,1.0,0.0,0.0,0.0,0.0
2383.0,46.0,20.0,185.0,94131.0,4.0,7.5,2.0,428.0,1.0,0.0,0.0,0.0,1.0
2386.0,43.0,17.0,125.0,94720.0,4.0,3.5,2.0,0.0,1.0,0.0,0.0,0.0,0.0
2392.0,39.0,12.0,138.0,92697.0,1.0,4.67,2.0,0.0,1.0,0.0,0.0,1.0,0.0
2401.0,61.0,36.0,169.0,91380.0,2.0,6.1,3.0,106.0,1.0,0.0,1.0,1.0,1.0
2404.0,38.0,13.0,140.0,90210.0,4.0,0.5,1.0,0.0,1.0,0.0,0.0,0.0,0.0
2429.0,39.0,12.0,108.0,92717.0,4.0,3.67,2.0,301.0,1.0,0.0,0.0,0.0,1.0
2434.0,37.0,11.0,123.0,94720.0,1.0,2.3,2.0,0.0,1.0,1.0,1.0,1.0,0.0
2444.0,28.0,3.0,161.0,92646.0,4.0,1.7,3.0,422.0,1.0,0.0,1.0,1.0,1.0
2456.0,34.0,8.0,164.0,94720.0,4.0,7.4,3.0,0.0,1.0,0.0,0.0,1.0,0.0
2478.0,40.0,14.0,179.0,90025.0,1.0,2.6,3.0,0.0,1.0,0.0,0.0,1.0,0.0
2491.0,52.0,28.0,168.0,90404.0,3.0,6.5,3.0,118.0,1.0,0.0,0.0,1.0,0.0
2503.0,58.0,31.0,178.0,92009.0,2.0,6.0,2.0,0.0,1.0,0.0,0.0,1.0,0.0
2512.0,51.0,27.0,92.0,92121.0,4.0,3.0,1.0,0.0,1.0,0.0,1.0,1.0,1.0
2534.0,54.0,29.0,111.0,93023.0,1.0,1.1,2.0,0.0,1.0,0.0,0.0,1.0,0.0
2537.0,51.0,25.0,104.0,94949.0,1.0,4.2,2.0,0.0,1.0,0.0,0.0,1.0,0.0
2540.0,32.0,7.0,98.0,95929.0,1.0,4.2,1.0,171.0,1.0,1.0,1.0,0.0,0.0
2542.0,34.0,8.0,171.0,90212.0,2.0,2.2,2.0,569.0,1.0,0.0,0.0,1.0,0.0
2545.0,58.0,34.0,90.0,95039.0,1.0,3.6,2.0,0.0,1.0,0.0,0.0,0.0,0.0
2562.0,31.0,5.0,180.0,94720.0,1.0,2.9,3.0,144.0,1.0,1.0,0.0,0.0,0.0
2585.0,59.0,34.0,114.0,94606.0,3.0,4.2,2.0,0.0,1.0,0.0,0.0,1.0,0.0
2587.0,47.0,23.0,149.0,92675.0,4.0,6.1,1.0,0.0,1.0,0.0,0.0,0.0,1.0
2591.0,46.0,20.0,152.0,95814.0,1.0,7.4,3.0,374.0,1.0,0.0,1.0,1.0,1.0
2594.0,48.0,23.0,161.0,96003.0,4.0,7.9,3.0,310.0,1.0,0.0,0.0,0.0,0.0
2603.0,52.0,26.0,161.0,93108.0,4.0,4.3,1.0,0.0,1.0,0.0,1.0,1.0,1.0
2614.0,52.0,26.0,110.0,94501.0,2.0,5.4,3.0,204.0,1.0,1.0,1.0,1.0,0.0
2615.0,35.0,11.0,160.0,92093.0,4.0,5.7,3.0,0.0,1.0,1.0,0.0,0.0,0.0
2624.0,42.0,17.0,111.0,94304.0,3.0,3.0,1.0,0.0,1.0,1.0,1.0,0.0,1.0
2647.0,45.0,20.0,191.0,92007.0,3.0,2.6,3.0,123.0,1.0,0.0,0.0,0.0,0.0
2665.0,54.0,29.0,154.0,95014.0,1.0,2.4,2.0,352.0,1.0,0.0,0.0,1.0,0.0
2673.0,30.0,5.0,131.0,92068.0,3.0,0.5,3.0,0.0,1.0,0.0,0.0,0.0,0.0
2679.0,63.0,38.0,148.0,93023.0,2.0,4.3,3.0,0.0,1.0,0.0,0.0,1.0,0.0
2692.0,61.0,36.0,119.0,95064.0,2.0,5.4,2.0,0.0,1.0,0.0,0.0,1.0,0.0
2708.0,35.0,9.0,131.0,90089.0,3.0,0.3,3.0,0.0,1.0,0.0,1.0,1.0,1.0
2715.0,46.0,20.0,158.0,92870.0,3.0,5.4,1.0,432.0,1.0,0.0,0.0,0.0,1.0
2722.0,58.0,33.0,173.0,92121.0,2.0,7.2,3.0,0.0,1.0,0.0,0.0,1.0,0.0
2754.0,54.0,27.0,195.0,93117.0,2.0,4.75,2.0,477.0,1.0,0.0,0.0,0.0,0.0
2770.0,33.0,9.0,183.0,91320.0,2.0,8.8,3.0,582.0,1.0,0.0,0.0,1.0,0.0
2773.0,55.0,31.0,130.0,92646.0,4.0,6.5,1.0,0.0,1.0,0.0,0.0,0.0,1.0
2774.0,63.0,37.0,185.0,94309.0,2.0,7.9,2.0,358.0,1.0,0.0,0.0,1.0,0.0
2780.0,59.0,35.0,168.0,95521.0,4.0,4.1,2.0,0.0,1.0,0.0,0.0,1.0,0.0
2785.0,36.0,9.0,115.0,91765.0,4.0,2.2,2.0,0.0,1.0,0.0,0.0,0.0,0.0
2803.0,52.0,22.0,154.0,90650.0,1.0,5.0,3.0,0.0,1.0,1.0,1.0,1.0,0.0
2806.0,37.0,12.0,182.0,94523.0,3.0,5.8,3.0,0.0,1.0,0.0,0.0,1.0,0.0
2810.0,42.0,16.0,185.0,94705.0,3.0,2.2,2.0,0.0,1.0,1.0,1.0,1.0,1.0
2813.0,53.0,28.0,183.0,96008.0,3.0,8.2,3.0,467.0,1.0,0.0,1.0,1.0,1.0
2833.0,45.0,21.0,133.0,92056.0,4.0,5.7,3.0,0.0,1.0,0.0,1.0,1.0,1.0
2839.0,30.0,6.0,181.0,94542.0,3.0,4.1,2.0,0.0,1.0,0.0,1.0,1.0,1.0
2842.0,37.0,11.0,190.0,94305.0,4.0,7.3,2.0,565.0,1.0,0.0,1.0,1.0,0.0
2857.0,36.0,10.0,172.0,94704.0,4.0,1.0,2.0,295.0,1.0,0.0,0.0,1.0,0.0
2858.0,34.0,8.0,184.0,93106.0,3.0,7.5,1.0,0.0,1.0,0.0,0.0,0.0,0.0
2860.0,35.0,11.0,188.0,94596.0,1.0,0.9,3.0,282.0,1.0,0.0,0.0,1.0,0.0
2875.0,49.0,25.0,114.0,91380.0,1.0,2.5,3.0,0.0,1.0,0.0,0.0,1.0,0.0
2879.0,45.0,19.0,122.0,94590.0,4.0,4.1,2.0,0.0,1.0,0.0,0.0,1.0,0.0
2886.0,57.0,31.0,113.0,91711.0,4.0,0.6,3.0,327.0,1.0,0.0,0.0,1.0,0.0
2899.0,27.0,1.0,140.0,91711.0,1.0,5.9,2.0,175.0,1.0,1.0,1.0,1.0,0.0
2905.0,56.0,32.0,190.0,90032.0,3.0,2.2,1.0,0.0,1.0,0.0,1.0,1.0,0.0
2911.0,46.0,22.0,102.0,95039.0,3.0,4.5,3.0,0.0,1.0,0.0,0.0,1.0,0.0
2913.0,44.0,20.0,130.0,90291.0,4.0,3.2,2.0,0.0,1.0,0.0,0.0,0.0,0.0
2952.0,26.0,2.0,132.0,94720.0,2.0,2.4,3.0,0.0,1.0,0.0,0.0,0.0,1.0
2957.0,62.0,38.0,195.0,91125.0,4.0,5.2,3.0,522.0,1.0,0.0,1.0,1.0,1.0
2969.0,44.0,18.0,162.0,90840.0,4.0,1.3,1.0,301.0,1.0,0.0,0.0,0.0,0.0
2971.0,54.0,30.0,121.0,95039.0,2.0,1.1,3.0,0.0,1.0,1.0,0.0,0.0,0.0
2987.0,55.0,30.0,153.0,94305.0,2.0,2.8,2.0,0.0,1.0,1.0,1.0,1.0,0.0
2997.0,42.0,18.0,103.0,91367.0,1.0,3.33,1.0,0.0,1.0,1.0,1.0,1.0,1.0
3001.0,40.0,14.0,164.0,94720.0,1.0,4.3,2.0,0.0,1.0,0.0,0.0,0.0,0.0
3006.0,62.0,36.0,148.0,94111.0,3.0,7.0,2.0,0.0,1.0,0.0,0.0,1.0,0.0
3007.0,62.0,37.0,169.0,95014.0,3.0,5.0,2.0,184.0,1.0,0.0,1.0,1.0,1.0
3034.0,43.0,19.0,130.0,90630.0,2.0,4.7,3.0,221.0,1.0,0.0,0.0,0.0,1.0
3038.0,27.0,2.0,158.0,95060.0,3.0,0.4,2.0,0.0,1.0,0.0,1.0,1.0,0.0
3040.0,34.0,9.0,141.0,95616.0,2.0,4.9,3.0,0.0,1.0,0.0,0.0,0.0,1.0
3055.0,45.0,21.0,134.0,92697.0,4.0,5.5,2.0,0.0,1.0,0.0,1.0,1.0,1.0
3061.0,64.0,38.0,168.0,94061.0,4.0,5.7,3.0,0.0,1.0,0.0,0.0,1.0,0.0
3085.0,26.0,0.0,129.0,90028.0,3.0,0.7,2.0,0.0,1.0,0.0,0.0,0.0,0.0
3097.0,43.0,18.0,179.0,94108.0,3.0,1.2,1.0,0.0,1.0,1.0,1.0,1.0,0.0
3142.0,57.0,31.0,131.0,90405.0,3.0,0.6,1.0,0.0,1.0,0.0,0.0,1.0,0.0
3143.0,34.0,8.0,175.0,95051.0,4.0,1.1,3.0,0.0,1.0,1.0,1.0,1.0,1.0
3146.0,34.0,10.0,114.0,94305.0,3.0,3.3,3.0,0.0,1.0,0.0,0.0,0.0,0.0
3151.0,47.0,22.0,124.0,90027.0,4.0,5.0,3.0,0.0,1.0,0.0,0.0,0.0,0.0
3155.0,27.0,1.0,99.0,94305.0,1.0,3.0,3.0,149.0,1.0,0.0,0.0,0.0,1.0
3161.0,41.0,15.0,158.0,94304.0,1.0,4.7,2.0,0.0,1.0,1.0,1.0,0.0,1.0
3210.0,42.0,16.0,173.0,91355.0,2.0,1.5,2.0,373.0,1.0,0.0,1.0,1.0,1.0
3218.0,65.0,39.0,94.0,93022.0,4.0,4.1,1.0,120.0,1.0,0.0,1.0,1.0,1.0
3269.0,43.0,17.0,111.0,91423.0,4.0,5.4,3.0,0.0,1.0,0.0,0.0,1.0,0.0
3271.0,50.0,23.0,179.0,94609.0,4.0,3.6,2.0,0.0,1.0,0.0,0.0,1.0,0.0
3272.0,52.0,27.0,93.0,90291.0,4.0,4.1,2.0,0.0,1.0,0.0,0.0,0.0,1.0
3277.0,55.0,31.0,159.0,92123.0,1.0,3.9,3.0,0.0,1.0,0.0,0.0,0.0,0.0
3289.0,56.0,30.0,140.0,94122.0,4.0,0.5,1.0,292.0,1.0,0.0,0.0,0.0,0.0
3296.0,42.0,16.0,141.0,94960.0,3.0,4.0,2.0,0.0,1.0,0.0,0.0,0.0,0.0
3297.0,63.0,37.0,132.0,94080.0,1.0,4.4,2.0,0.0,1.0,0.0,0.0,1.0,0.0
3319.0,46.0,20.0,105.0,90089.0,4.0,3.2,1.0,0.0,1.0,0.0,0.0,0.0,0.0
3320.0,60.0,35.0,153.0,95136.0,3.0,2.0,3.0,0.0,1.0,0.0,0.0,0.0,1.0
3327.0,53.0,27.0,174.0,91006.0,1.0,2.9,2.0,0.0,1.0,0.0,0.0,1.0,0.0
3328.0,42.0,18.0,164.0,93407.0,1.0,1.3,3.0,0.0,1.0,1.0,1.0,1.0,1.0
3340.0,27.0,1.0,141.0,95135.0,4.0,5.1,3.0,354.0,1.0,0.0,0.0,0.0,0.0
3344.0,62.0,37.0,125.0,94801.0,1.0,1.0,3.0,0.0,1.0,0.0,0.0,1.0,0.0
3357.0,49.0,23.0,115.0,95051.0,3.0,4.6,3.0,0.0,1.0,0.0,0.0,0.0,0.0
3369.0,45.0,18.0,163.0,94720.0,3.0,5.33,2.0,0.0,1.0,0.0,1.0,0.0,1.0
3374.0,28.0,2.0,182.0,92660.0,3.0,7.2,2.0,442.0,1.0,0.0,1.0,1.0,1.0
3384.0,46.0,22.0,135.0,95135.0,3.0,4.1,1.0,213.0,1.0,0.0,0.0,1.0,0.0
3387.0,35.0,10.0,142.0,94061.0,4.0,0.8,3.0,0.0,1.0,0.0,0.0,0.0,0.0
3404.0,54.0,29.0,82.0,94709.0,3.0,3.7,2.0,0.0,1.0,0.0,0.0,1.0,0.0
3450.0,57.0,32.0,135.0,90095.0,3.0,4.8,2.0,0.0,1.0,1.0,1.0,1.0,0.0
3457.0,46.0,22.0,125.0,94536.0,2.0,4.7,3.0,0.0,1.0,0.0,0.0,1.0,0.0
3465.0,61.0,37.0,172.0,92612.0,4.0,4.25,1.0,0.0,1.0,0.0,1.0,1.0,1.0
3468.0,63.0,37.0,149.0,90840.0,2.0,0.2,3.0,364.0,1.0,0.0,0.0,1.0,0.0
3473.0,54.0,27.0,120.0,92672.0,4.0,3.0,2.0,431.0,1.0,0.0,0.0,1.0,0.0
3479.0,31.0,6.0,133.0,95747.0,1.0,1.5,3.0,0.0,1.0,0.0,0.0,0.0,0.0
3490.0,36.0,12.0,154.0,91320.0,3.0,6.4,1.0,0.0,1.0,1.0,0.0,0.0,0.0
3499.0,30.0,6.0,182.0,93561.0,4.0,0.8,3.0,94.0,1.0,0.0,0.0,1.0,0.0
3509.0,33.0,9.0,125.0,92182.0,1.0,4.3,3.0,0.0,1.0,0.0,0.0,1.0,0.0
3518.0,30.0,6.0,95.0,94234.0,1.0,3.9,3.0,146.0,1.0,0.0,0.0,0.0,1.0
3542.0,45.0,20.0,144.0,92106.0,4.0,5.4,1.0,210.0,1.0,0.0,0.0,1.0,0.0
3543.0,30.0,5.0,118.0,92182.0,4.0,3.0,3.0,0.0,1.0,0.0,0.0,1.0,0.0
3563.0,32.0,8.0,169.0,94596.0,1.0,6.5,3.0,272.0,1.0,1.0,1.0,1.0,0.0
3564.0,53.0,27.0,139.0,94998.0,1.0,0.9,3.0,0.0,1.0,0.0,0.0,0.0,0.0
3572.0,42.0,18.0,153.0,93955.0,3.0,5.6,1.0,416.0,1.0,0.0,0.0,0.0,0.0
3574.0,60.0,36.0,165.0,90095.0,3.0,5.6,1.0,0.0,1.0,0.0,0.0,0.0,1.0
3579.0,29.0,5.0,128.0,91302.0,2.0,4.1,2.0,209.0,1.0,0.0,0.0,1.0,0.0
3606.0,61.0,31.0,130.0,92333.0,2.0,2.6,3.0,0.0,1.0,0.0,0.0,0.0,0.0
3613.0,50.0,25.0,99.0,90245.0,1.0,4.6,1.0,368.0,1.0,1.0,1.0,0.0,1.0
3614.0,35.0,11.0,148.0,92672.0,1.0,5.8,3.0,0.0,1.0,0.0,0.0,1.0,0.0
3615.0,34.0,10.0,154.0,94583.0,3.0,5.4,2.0,0.0,1.0,0.0,0.0,1.0,0.0
3647.0,34.0,9.0,141.0,92056.0,3.0,6.9,2.0,260.0,1.0,0.0,0.0,1.0,0.0
3652.0,49.0,23.0,140.0,90504.0,1.0,1.9,3.0,0.0,1.0,0.0,0.0,0.0,1.0
3662.0,29.0,4.0,120.0,94553.0,1.0,4.1,2.0,0.0,1.0,1.0,1.0,0.0,1.0
3669.0,38.0,13.0,129.0,92037.0,4.0,0.3,3.0,75.0,1.0,0.0,0.0,1.0,0.0
3703.0,50.0,25.0,160.0,93108.0,4.0,4.3,3.0,410.0,1.0,0.0,0.0,0.0,0.0
3705.0,36.0,11.0,184.0,91304.0,2.0,5.1,2.0,0.0,1.0,0.0,0.0,0.0,0.0
3721.0,63.0,39.0,131.0,92521.0,3.0,2.6,3.0,229.0,1.0,0.0,0.0,1.0,0.0
3729.0,28.0,3.0,118.0,91902.0,3.0,2.4,2.0,161.0,1.0,0.0,0.0,0.0,0.0
3748.0,26.0,0.0,83.0,91360.0,3.0,3.9,2.0,0.0,1.0,0.0,0.0,1.0,0.0
3758.0,45.0,21.0,142.0,91101.0,1.0,1.4,2.0,0.0,1.0,0.0,0.0,1.0,0.0
3767.0,59.0,35.0,108.0,90245.0,4.0,3.8,2.0,304.0,1.0,0.0,0.0,1.0,0.0
3777.0,27.0,3.0,135.0,93108.0,3.0,2.7,3.0,449.0,1.0,0.0,0.0,0.0,1.0
3785.0,30.0,6.0,115.0,94611.0,4.0,3.8,2.0,0.0,1.0,0.0,0.0,1.0,0.0
3822.0,35.0,9.0,188.0,92220.0,2.0,3.7,2.0,259.0,1.0,0.0,0.0,1.0,0.0
3823.0,63.0,33.0,178.0,91768.0,4.0,9.0,3.0,0.0,1.0,0.0,0.0,0.0,0.0
3836.0,33.0,9.0,131.0,90065.0,3.0,2.2,3.0,0.0,1.0,1.0,0.0,0.0,0.0
3844.0,32.0,7.0,129.0,94720.0,4.0,5.2,2.0,0.0,1.0,0.0,0.0,0.0,1.0
3859.0,42.0,18.0,158.0,92124.0,2.0,0.4,2.0,277.0,1.0,0.0,0.0,0.0,1.0
3865.0,62.0,32.0,142.0,95112.0,2.0,2.8,3.0,0.0,1.0,0.0,0.0,0.0,1.0
3891.0,42.0,17.0,139.0,91101.0,2.0,2.9,3.0,0.0,1.0,0.0,0.0,1.0,0.0
3920.0,64.0,34.0,179.0,90024.0,2.0,4.5,3.0,400.0,1.0,0.0,0.0,0.0,0.0
3944.0,61.0,36.0,188.0,91360.0,1.0,9.3,2.0,0.0,1.0,0.0,0.0,0.0,0.0
3946.0,29.0,3.0,123.0,92821.0,3.0,5.6,3.0,428.0,1.0,0.0,0.0,1.0,0.0
3948.0,32.0,8.0,119.0,94710.0,4.0,5.0,3.0,0.0,1.0,0.0,0.0,1.0,0.0
3949.0,37.0,12.0,123.0,94304.0,4.0,3.1,2.0,253.0,1.0,0.0,1.0,1.0,1.0
3960.0,43.0,19.0,123.0,91107.0,3.0,1.3,1.0,0.0,1.0,0.0,0.0,1.0,0.0
3984.0,39.0,13.0,93.0,93555.0,4.0,3.6,3.0,0.0,1.0,0.0,0.0,1.0,0.0
3987.0,38.0,14.0,182.0,92152.0,3.0,2.6,3.0,0.0,1.0,0.0,1.0,1.0,1.0
3989.0,59.0,35.0,85.0,91330.0,1.0,3.4,3.0,0.0,1.0,0.0,1.0,0.0,1.0
3993.0,47.0,22.0,95.0,93311.0,2.0,3.9,2.0,0.0,1.0,0.0,0.0,0.0,0.0
4001.0,62.0,37.0,93.0,93003.0,3.0,3.0,3.0,0.0,1.0,0.0,1.0,1.0,1.0
4009.0,61.0,31.0,154.0,94555.0,3.0,7.5,3.0,351.0,1.0,0.0,1.0,1.0,1.0
4017.0,53.0,28.0,173.0,91614.0,4.0,2.7,1.0,427.0,1.0,0.0,0.0,1.0,0.0
4021.0,58.0,32.0,191.0,93943.0,4.0,5.2,3.0,194.0,1.0,0.0,0.0,0.0,1.0
4024.0,51.0,25.0,175.0,90089.0,3.0,0.7,1.0,312.0,1.0,0.0,0.0,0.0,0.0
4027.0,27.0,1.0,142.0,92038.0,3.0,5.5,1.0,0.0,1.0,0.0,0.0,0.0,0.0
4036.0,34.0,9.0,180.0,93955.0,2.0,6.5,3.0,0.0,1.0,0.0,1.0,1.0,0.0
4082.0,60.0,35.0,155.0,92521.0,1.0,1.5,3.0,0.0,1.0,0.0,0.0,0.0,1.0
4088.0,52.0,28.0,179.0,94583.0,4.0,4.2,3.0,0.0,1.0,0.0,0.0,0.0,0.0
4094.0,49.0,24.0,138.0,93111.0,2.0,2.2,2.0,0.0,1.0,0.0,0.0,1.0,0.0
4125.0,53.0,29.0,141.0,90064.0,2.0,0.2,3.0,0.0,1.0,0.0,0.0,0.0,0.0
4148.0,59.0,35.0,180.0,96008.0,2.0,6.5,2.0,0.0,1.0,1.0,1.0,1.0,1.0
4152.0,44.0,18.0,123.0,95841.0,3.0,5.9,1.0,0.0,1.0,0.0,1.0,1.0,1.0
4155.0,51.0,25.0,163.0,94305.0,2.0,1.3,3.0,0.0,1.0,0.0,0.0,1.0,0.0
4164.0,54.0,28.0,108.0,94110.0,4.0,1.9,2.0,0.0,1.0,0.0,0.0,1.0,0.0
4166.0,63.0,38.0,135.0,91768.0,2.0,3.8,3.0,183.0,1.0,0.0,0.0,0.0,0.0
4168.0,48.0,24.0,144.0,94025.0,4.0,3.5,2.0,0.0,1.0,0.0,0.0,0.0,0.0
4169.0,60.0,34.0,139.0,95020.0,4.0,0.4,1.0,0.0,1.0,0.0,0.0,1.0,0.0
4170.0,41.0,17.0,143.0,90059.0,2.0,2.7,3.0,209.0,1.0,0.0,0.0,1.0,0.0
4176.0,42.0,17.0,154.0,93955.0,3.0,4.9,1.0,0.0,1.0,0.0,1.0,1.0,1.0
4180.0,29.0,3.0,91.0,94122.0,1.0,3.4,3.0,0.0,1.0,0.0,0.0,0.0,0.0
4191.0,40.0,16.0,89.0,95814.0,3.0,3.9,2.0,216.0,1.0,1.0,1.0,1.0,0.0
4217.0,60.0,35.0,173.0,90059.0,3.0,3.1,3.0,0.0,1.0,0.0,0.0,1.0,0.0
4259.0,52.0,26.0,155.0,92660.0,3.0,7.2,2.0,0.0,1.0,0.0,0.0,1.0,0.0
4260.0,52.0,26.0,158.0,94920.0,2.0,3.7,3.0,251.0,1.0,0.0,0.0,0.0,1.0
4268.0,52.0,26.0,194.0,91902.0,2.0,5.7,2.0,0.0,1.0,0.0,0.0,1.0,0.0
4283.0,26.0,0.0,195.0,92093.0,3.0,6.33,3.0,0.0,1.0,1.0,1.0,1.0,0.0
4293.0,63.0,37.0,191.0,94131.0,2.0,4.3,3.0,205.0,1.0,0.0,0.0,0.0,0.0
4302.0,49.0,24.0,130.0,92677.0,4.0,1.1,1.0,281.0,1.0,0.0,1.0,1.0,0.0
4303.0,52.0,27.0,85.0,92037.0,3.0,3.4,3.0,0.0,1.0,0.0,0.0,0.0,0.0
4308.0,45.0,19.0,128.0,94928.0,4.0,6.0,3.0,0.0,1.0,0.0,0.0,1.0,0.0
4309.0,44.0,20.0,132.0,94115.0,3.0,2.6,1.0,308.0,1.0,0.0,0.0,0.0,0.0
4310.0,34.0,8.0,188.0,94025.0,1.0,2.9,3.0,0.0,1.0,0.0,0.0,1.0,0.0
4311.0,65.0,41.0,170.0,94143.0,4.0,6.1,2.0,0.0,1.0,0.0,1.0,1.0,1.0
4329.0,64.0,38.0,143.0,95039.0,2.0,6.4,3.0,0.0,1.0,1.0,1.0,1.0,0.0
4338.0,26.0,2.0,182.0,93010.0,2.0,3.2,2.0,0.0,1.0,0.0,0.0,0.0,0.0
4346.0,26.0,1.0,184.0,94608.0,2.0,4.2,3.0,577.0,1.0,0.0,1.0,1.0,1.0
4355.0,40.0,16.0,140.0,93940.0,3.0,5.6,1.0,0.0,1.0,0.0,0.0,0.0,0.0
4358.0,39.0,14.0,141.0,93302.0,4.0,6.3,1.0,0.0,1.0,1.0,1.0,1.0,1.0
4378.0,33.0,8.0,145.0,92507.0,1.0,2.7,3.0,0.0,1.0,0.0,0.0,1.0,0.0
4409.0,64.0,40.0,181.0,93403.0,2.0,2.3,2.0,0.0,1.0,0.0,1.0,1.0,1.0
4415.0,33.0,8.0,178.0,94720.0,3.0,8.5,1.0,0.0,1.0,1.0,1.0,1.0,0.0
4419.0,59.0,34.0,145.0,95125.0,4.0,1.8,1.0,198.0,1.0,0.0,0.0,1.0,0.0
4423.0,57.0,31.0,164.0,94607.0,2.0,3.8,3.0,422.0,1.0,0.0,1.0,1.0,1.0
4426.0,26.0,0.0,164.0,95973.0,2.0,4.0,3.0,301.0,1.0,0.0,0.0,1.0,0.0
4440.0,33.0,7.0,104.0,94542.0,2.0,3.6,3.0,0.0,1.0,0.0,0.0,0.0,1.0
4471.0,44.0,20.0,111.0,91911.0,2.0,5.3,2.0,0.0,1.0,0.0,0.0,1.0,0.0
4481.0,55.0,30.0,145.0,92037.0,2.0,6.0,3.0,0.0,1.0,0.0,0.0,1.0,0.0
4495.0,29.0,4.0,182.0,95354.0,1.0,3.7,3.0,0.0,1.0,0.0,0.0,1.0,0.0
4533.0,48.0,22.0,133.0,90073.0,2.0,3.1,2.0,0.0,1.0,0.0,0.0,1.0,0.0
4566.0,33.0,8.0,120.0,92614.0,2.0,4.2,3.0,76.0,1.0,0.0,0.0,0.0,1.0
4576.0,53.0,27.0,115.0,90095.0,2.0,0.5,3.0,0.0,1.0,0.0,0.0,0.0,0.0
4584.0,52.0,26.0,83.0,92521.0,1.0,3.1,1.0,0.0,1.0,0.0,0.0,1.0,0.0
4586.0,35.0,11.0,180.0,94010.0,1.0,3.6,3.0,571.0,1.0,0.0,1.0,1.0,1.0
4591.0,58.0,34.0,151.0,94022.0,3.0,0.6,2.0,0.0,1.0,0.0,0.0,0.0,0.0
4594.0,54.0,30.0,133.0,95747.0,1.0,5.0,2.0,0.0,1.0,0.0,0.0,0.0,1.0
4605.0,32.0,7.0,81.0,90601.0,2.0,3.4,2.0,0.0,1.0,0.0,0.0,0.0,1.0
4626.0,45.0,21.0,102.0,92037.0,4.0,4.7,2.0,81.0,1.0,0.0,0.0,0.0,0.0
4628.0,27.0,1.0,134.0,93106.0,1.0,1.7,2.0,307.0,1.0,0.0,0.0,1.0,0.0
4629.0,27.0,1.0,130.0,94801.0,3.0,2.9,2.0,0.0,1.0,0.0,0.0,0.0,0.0
4632.0,32.0,8.0,142.0,90095.0,4.0,6.2,2.0,120.0,1.0,0.0,1.0,1.0,1.0
4643.0,65.0,40.0,143.0,95616.0,4.0,6.6,2.0,0.0,1.0,0.0,0.0,1.0,0.0
4653.0,38.0,12.0,184.0,91311.0,3.0,8.0,1.0,0.0,1.0,0.0,0.0,1.0,0.0
4656.0,33.0,7.0,188.0,95054.0,2.0,7.0,2.0,581.0,1.0,0.0,0.0,0.0,0.0
4699.0,48.0,22.0,162.0,94143.0,3.0,1.4,1.0,400.0,1.0,0.0,0.0,0.0,0.0
4703.0,35.0,5.0,108.0,90630.0,2.0,2.75,3.0,0.0,1.0,1.0,0.0,0.0,0.0
4706.0,61.0,37.0,141.0,92677.0,3.0,0.7,1.0,0.0,1.0,0.0,1.0,1.0,1.0
4720.0,32.0,8.0,140.0,94102.0,4.0,6.6,3.0,0.0,1.0,0.0,1.0,0.0,1.0
4764.0,51.0,25.0,173.0,95051.0,1.0,0.5,2.0,0.0,1.0,0.0,0.0,1.0,0.0
4791.0,35.0,11.0,101.0,94143.0,3.0,3.8,3.0,150.0,1.0,0.0,0.0,1.0,0.0
4812.0,36.0,12.0,123.0,90502.0,2.0,3.0,3.0,0.0,1.0,0.0,0.0,0.0,0.0
4813.0,29.0,4.0,184.0,92126.0,4.0,2.2,3.0,612.0,1.0,0.0,0.0,1.0,0.0
4824.0,46.0,21.0,115.0,95616.0,2.0,4.2,3.0,0.0,1.0,1.0,1.0,1.0,1.0
4843.0,49.0,23.0,174.0,95449.0,3.0,4.6,2.0,590.0,1.0,0.0,0.0,0.0,0.0
4847.0,35.0,10.0,135.0,94596.0,3.0,4.8,2.0,0.0,1.0,0.0,0.0,1.0,0.0
4860.0,34.0,8.0,165.0,91107.0,1.0,7.0,3.0,541.0,1.0,0.0,0.0,0.0,0.0
4866.0,50.0,24.0,133.0,90025.0,4.0,1.4,2.0,342.0,1.0,0.0,0.0,0.0,1.0
4877.0,44.0,19.0,142.0,95054.0,1.0,1.5,3.0,0.0,1.0,0.0,0.0,0.0,0.0
4884.0,38.0,13.0,129.0,92646.0,3.0,4.1,3.0,0.0,1.0,0.0,1.0,1.0,1.0
4928.0,43.0,19.0,121.0,94720.0,1.0,0.7,2.0,0.0,1.0,0.0,1.0,1.0,1.0
4942.0,28.0,4.0,112.0,90049.0,2.0,1.6,2.0,0.0,1.0,0.0,0.0,1.0,0.0
4963.0,46.0,20.0,122.0,90065.0,3.0,3.0,3.0,0.0,1.0,0.0,1.0,1.0,1.0
4981.0,29.0,5.0,135.0,95762.0,3.0,5.3,1.0,0.0,1.0,0.0,1.0,1.0,1.0
